SPY from 2006-Sep-20 to 2011-Sep-20,,,,,
Date,Open,High,Low,Close,Volume
20/09/2006,132.25,132.77,132.06,132.51,75204100
21/09/2006,132.61,132.75,131.42,131.87,88932500
22/09/2006,131.67,131.68,131,131.47,65966800
25/09/2006,131.73,132.85,131.05,132.48,92297000
26/09/2006,132.5,133.6,132.4,133.58,73962700
27/09/2006,133.49,133.97,133.27,133.74,82432200
28/09/2006,133.74,133.99,133.28,133.69,58597500
29/09/2006,133.8,133.94,133.48,133.58,47966600
02/10/2006,133.54,133.83,132.95,133.08,51687400
03/10/2006,132.89,133.87,132.65,133.36,73108100
04/10/2006,133.23,135,133.08,134.92,80890500
05/10/2006,134.92,135.41,134.75,135.18,60505900
06/10/2006,134.95,135.1,134.4,135.01,64983600
09/10/2006,134.85,135.3,134.64,135.09,41176800
10/10/2006,135.1,135.45,134.84,135.27,56403700
11/10/2006,134.84,135.43,134.3,135.11,104071800
12/10/2006,135.45,136.39,135.4,136.28,59158600
13/10/2006,136.16,136.71,136.04,136.63,53944000
16/10/2006,136.52,137.05,136.42,136.84,42273000
17/10/2006,136.47,136.7,135.67,136.41,90500600
18/10/2006,137.04,137.37,136.1,136.59,86848600
19/10/2006,136.39,136.88,136.23,136.81,64063200
20/10/2006,136.84,136.95,136.33,136.84,48094500
23/10/2006,136.56,137.8,136.39,137.47,66219900
24/10/2006,137.28,137.93,137.22,137.88,53234900
25/10/2006,137.74,138.41,137.51,138.35,78105400
26/10/2006,138.66,139,137.98,138.78,66843700
27/10/2006,138.61,138.75,137.63,137.91,80238000
30/10/2006,137.66,138.2,137.4,137.81,49717800
31/10/2006,138.07,138.26,137.25,137.79,71274100
01/11/2006,138.22,138.31,136.72,136.86,83005600
02/11/2006,136.51,137.01,136.36,136.78,60693100
03/11/2006,137.27,137.39,135.62,136.54,71346400
06/11/2006,136.96,138.28,136.95,138.08,63303300
07/11/2006,138.2,138.98,138,138.61,63318900
08/11/2006,138,139.05,136.86,138.91,87517800
09/11/2006,139.01,139.14,137.9,138.18,95916300
10/11/2006,138.14,138.34,137.72,138.24,48991500
13/11/2006,138.18,139.04,138.07,138.58,59398200
14/11/2006,138.97,139.74,138.12,139.62,96704000
15/11/2006,139.57,140.45,139.53,140.02,76509600
16/11/2006,140.44,140.68,139.49,140.38,76728800
17/11/2006,139.93,140.43,139.73,140.42,56353800
20/11/2006,140.3,140.74,139.94,140.5,69174200
21/11/2006,140.49,140.67,140.29,140.64,51367900
22/11/2006,140.75,141.16,140.5,140.92,45505300
24/11/2006,140.24,140.84,140.2,140.35,30998000
27/11/2006,140.28,140.35,138.38,138.42,84545100
28/11/2006,138.24,139.16,138.11,139.02,106652900
29/11/2006,139.47,140.53,139.08,140.47,90034900
30/11/2006,140.44,141.05,139.76,140.53,83994300
01/12/2006,140.53,140.66,138.97,140.22,126080000
04/12/2006,140.25,141.55,140.23,141.29,87813200
05/12/2006,141.56,141.96,141.26,141.9,73374400
06/12/2006,141.87,142.07,141.5,141.78,53253200
07/12/2006,142.03,142.3,141.11,141.16,62825400
08/12/2006,141.13,141.9,140.78,141.42,79624600
11/12/2006,141.42,142.09,141.34,141.83,39779400
12/12/2006,141.69,141.87,140.89,141.72,77451600
13/12/2006,142.23,142.34,141.56,141.87,55520200
14/12/2006,141.86,143.24,141.84,143.12,64755200
15/12/2006,142.64,142.89,142.24,142.34,70857400
18/12/2006,142.54,142.88,141.75,141.95,48954600
19/12/2006,141.55,142.56,141.19,142.22,65023600
20/12/2006,142.28,142.66,142.01,142.14,41469600
21/12/2006,142.27,142.43,141.32,141.62,48698400
22/12/2006,141.64,141.65,140.67,140.75,62069100
26/12/2006,140.81,141.61,140.78,141.58,32696900
27/12/2006,141.87,142.6,141.83,142.51,39727100
28/12/2006,142.41,142.7,141.99,142.21,37288800
29/12/2006,142.06,142.54,141.43,141.62,45461200
03/01/2007,142.25,142.86,140.57,141.37,94807600
04/01/2007,141.23,142.05,140.61,141.67,69620600
05/01/2007,141.33,141.4,140.38,140.54,76645300
08/01/2007,140.82,141.41,140.25,141.19,71655000
09/01/2007,141.31,141.6,140.4,141.07,75680100
10/01/2007,140.58,141.57,140.3,141.54,72428000
11/01/2007,141.58,142.62,141.5,142.16,54476800
12/01/2007,142.15,143.24,142.11,143.24,55370600
16/01/2007,143.07,143.44,142.73,142.96,44871300
17/01/2007,142.85,143.46,142.73,143.02,50241400
18/01/2007,143.17,143.26,142.31,142.54,68177300
19/01/2007,142.54,143.1,142.46,142.82,56973000
22/01/2007,143.07,143.1,141.93,142.38,60253600
23/01/2007,142.26,143.08,142.06,142.8,54064400
24/01/2007,142.97,143.98,142.91,143.95,55834700
25/01/2007,143.86,143.92,142.01,142.26,73583800
26/01/2007,142.57,142.65,141.58,142.13,67255600
29/01/2007,142.19,142.8,141.74,142.05,66114600
30/01/2007,142.35,142.86,142.06,142.79,70407600
31/01/2007,142.63,144.13,142.4,143.75,91868600
01/02/2007,144.15,144.66,143.91,144.61,69312400
02/02/2007,144.73,144.95,144.38,144.81,49607000
05/02/2007,144.7,144.94,144.34,144.85,45705300
06/02/2007,144.97,145.03,144.33,144.89,57081300
07/02/2007,145.12,145.36,144.57,145.21,55669700
08/02/2007,144.78,145.12,144.27,145.02,70641000
09/02/2007,145.06,145.33,143.39,143.94,79084400
12/02/2007,143.94,144.04,143.19,143.45,65657000
13/02/2007,143.77,144.9,143.76,144.66,64081800
14/02/2007,144.8,145.9,144.78,145.61,66039400
15/02/2007,145.67,145.95,145.43,145.8,38715200
16/02/2007,145.44,145.76,145.23,145.73,39841800
20/02/2007,145.56,146.2,145,146.04,56911800
21/02/2007,145.61,146.07,145.35,145.98,63971600
22/02/2007,146.05,146.42,145.17,145.87,79067400
23/02/2007,145.74,145.79,145.03,145.3,71966200
26/02/2007,145.83,145.95,144.75,145.17,69192800
27/02/2007,143.88,144.2,139,139.5,274466500
28/02/2007,140.39,141.98,139.8,140.93,177536300
01/03/2007,139.34,141.25,138.05,140.51,212828600
02/03/2007,140.05,140.66,138.66,138.67,162574000
05/03/2007,137.93,139.58,137.33,137.35,143750400
06/03/2007,138.78,140.12,137.72,139.7,143333300
07/03/2007,139.59,140.46,139.4,139.56,115144900
08/03/2007,140.54,141.16,140.07,140.74,117891600
09/03/2007,141.31,141.42,140.08,140.78,107765100
12/03/2007,140.42,141.34,140.16,140.99,80366900
13/03/2007,140.18,140.77,138.04,138.25,171799500
14/03/2007,138.43,139.36,136.75,139.28,229247800
15/03/2007,138.97,139.99,138.8,139.47,132389000
16/03/2007,139.31,139.63,138.12,138.53,121531600
19/03/2007,139.26,140.33,139.15,140.2,96161200
20/03/2007,140.08,141.05,139.96,140.97,82147400
21/03/2007,141.1,143.65,140.82,143.29,152368700
22/03/2007,143.48,143.68,142.79,143.18,118942200
23/03/2007,143.28,143.81,143.15,143.39,74416800
26/03/2007,143.5,143.65,142.09,143.2,113787500
27/03/2007,143.12,143.16,142.39,142.86,99864600
28/03/2007,142.14,142.47,141.26,141.82,152907900
29/03/2007,142.54,142.61,141.19,141.97,139432700
30/03/2007,142.24,142.84,140.56,142,128194100
02/04/2007,142.16,142.46,141.48,142.16,79416400
03/04/2007,142.97,143.98,142.91,143.69,82417800
04/04/2007,143.69,143.95,143.16,143.85,63995200
05/04/2007,143.67,144.44,143.61,144.24,46822800
09/04/2007,144.65,144.8,144.15,144.44,50967400
10/04/2007,144.33,144.85,144.27,144.61,56620000
11/04/2007,144.82,144.86,143.54,144.02,106365700
12/04/2007,143.74,144.92,143.34,144.66,115534400
13/04/2007,144.9,145.32,144.36,145.32,84287000
16/04/2007,145.83,146.86,145.82,146.7,83064600
17/04/2007,146.97,147.4,146.65,147.09,108424100
18/04/2007,146.6,147.7,146.57,147.27,88345300
19/04/2007,146.55,147.4,146.36,147.23,102947700
20/04/2007,148.22,148.62,147.04,148.62,124114100
23/04/2007,148.37,148.73,147.97,148.06,77270800
24/04/2007,148.23,148.4,147.32,148.12,114471000
25/04/2007,148.73,149.66,148.02,149.48,108418800
26/04/2007,149.49,149.8,149.1,149.65,88741600
27/04/2007,149.09,149.74,148.84,149.53,108191100
30/04/2007,149.64,149.74,148.21,148.29,100874100
01/05/2007,148.42,149.47,147.67,148.67,134342700
02/05/2007,148.9,149.95,148.75,149.54,87129800
03/05/2007,149.97,150.4,149.73,150.35,86569700
04/05/2007,150.75,151.12,150.22,150.92,96409000
07/05/2007,150.88,151.2,150.81,150.95,63461400
08/05/2007,150.58,150.92,150.13,150.75,80584000
09/05/2007,150.64,152.82,150.37,151.16,102070100
10/05/2007,150.73,151.02,149.27,149.58,153617800
11/05/2007,149.75,150.93,149.72,150.86,113408900
14/05/2007,150.86,151.3,149.79,150.53,108027500
15/05/2007,150.7,151.66,150.19,150.57,180673300
16/05/2007,150.8,151.63,150.38,151.6,114166500
17/05/2007,151.38,151.96,151.11,151.3,101132800
18/05/2007,152.01,152.62,151.81,152.62,99182000
21/05/2007,152.58,153.23,152.5,152.61,174664600
22/05/2007,152.7,153.16,152.38,152.42,82148800
23/05/2007,152.95,153.5,152.36,152.44,133786600
24/05/2007,152.53,153.21,150.74,151.06,187593000
25/05/2007,151.5,152.02,151.18,151.69,83309200
29/05/2007,151.94,152.5,151.45,152.24,82020000
30/05/2007,151.46,153.54,151.34,153.48,129013600
31/05/2007,153.67,153.89,153.12,153.32,114866700
01/06/2007,153.88,154.4,153.51,154.08,107771700
04/06/2007,153.54,154.39,153.48,154.1,78008800
05/06/2007,153.74,153.9,152.86,153.49,126917900
06/06/2007,152.86,152.95,151.75,151.84,164096800
07/06/2007,151.56,152.5,149.06,149.1,232414600
08/06/2007,149.58,151.19,149.09,151.04,175886000
11/06/2007,150.93,151.95,150.7,151.3,102015600
12/06/2007,150.67,151.54,149.55,149.65,233898000
13/06/2007,150.5,152.07,149.72,151.89,193208200
14/06/2007,152.06,153.12,152.03,152.86,146396500
15/06/2007,153.14,153.66,152.93,153.07,154030800
18/06/2007,153.38,153.39,152.66,152.89,88537500
19/06/2007,152.55,153.38,152.36,153.27,110851700
20/06/2007,153.58,153.58,150.96,151.14,177119700
21/06/2007,151.08,152.11,150.25,151.98,205262000
22/06/2007,151.52,151.77,149.85,150.55,204964700
25/06/2007,150.24,151.25,149.02,149.83,232014400
26/06/2007,150.21,150.46,148.28,148.29,197479600
27/06/2007,148.13,150.57,148.06,150.4,208853900
28/06/2007,150.38,151.41,149.67,150.38,157109200
29/06/2007,150.9,151.65,149.15,150.43,193427100
02/07/2007,150.87,151.92,150.77,151.79,103328300
03/07/2007,152.18,152.5,151.99,152.34,54048400
05/07/2007,152.4,152.56,151.63,152.18,89125500
06/07/2007,152.38,153.17,151.93,152.98,81105800
09/07/2007,153.16,153.36,152.62,153.1,71838200
10/07/2007,152.29,152.61,150.77,150.92,180344900
11/07/2007,150.75,152.05,150.52,151.99,175291800
12/07/2007,152.37,154.75,152.34,154.39,133536800
13/07/2007,154.57,155.46,154.39,154.85,111776000
16/07/2007,154.99,155.53,154.58,154.83,98355200
17/07/2007,154.93,155.48,154.68,154.75,124460100
18/07/2007,154.23,154.8,153.3,154.47,231250700
19/07/2007,155.2,155.53,154.75,155.07,145080500
20/07/2007,154.89,154.99,152.83,153.5,245462200
23/07/2007,154.18,154.72,153.3,153.97,119941900
24/07/2007,153.12,154.28,150.76,151.3,256732400
25/07/2007,152.02,152.39,150.25,151.61,264733200
26/07/2007,150.19,150.8,146.39,148.02,464877100
27/07/2007,148.21,148.87,145.05,145.11,422560000
30/07/2007,145.93,147.81,145.29,147.38,272688300
31/07/2007,148.33,149.46,145.04,145.72,316439600
01/08/2007,145.18,147.01,143.95,146.43,399628800
02/08/2007,146.76,147.76,145.26,147.6,294657700
03/08/2007,147.28,147.58,143.2,143.8,359345300
06/08/2007,144.21,146.83,142.53,146.21,324454600
07/08/2007,145.94,149,145.23,147.77,232532800
08/08/2007,148.41,150.59,147.34,149.83,273889500
09/08/2007,147.43,148.95,145.29,145.39,357622100
10/08/2007,144.39,146.5,143.12,144.71,410833800
13/08/2007,146.5,146.89,145.02,145.23,181917200
14/08/2007,145.7,146.06,142.72,143.01,264101700
15/08/2007,142.72,144.46,140.62,141.04,323711800
16/08/2007,139.79,142.94,137,142.1,546436100
17/08/2007,145.5,145.81,141.39,144.71,388124900
20/08/2007,145.17,145.47,143.29,144.64,187073300
21/08/2007,144.6,145.97,144.14,144.93,156972900
22/08/2007,146.01,146.8,145.33,146.65,171012700
23/08/2007,147.34,147.65,145.61,146.52,203853800
24/08/2007,146.48,148.33,146.28,148.33,128883300
27/08/2007,147.85,148.33,146.73,146.95,112992200
28/08/2007,146.16,146.25,143.46,143.72,225057300
29/08/2007,144.37,146.74,143.96,146.54,207490100
30/08/2007,145.45,147.19,145.31,146.15,191373500
31/08/2007,147.65,148.5,146.83,147.59,185454400
04/09/2007,147.45,149.98,147.4,149.08,119601200
05/09/2007,148.2,148.36,147,147.79,166239100
06/09/2007,147.95,148.61,147.12,148.13,127795300
07/09/2007,146.48,146.89,145.26,146.07,235427400
10/09/2007,146.52,146.72,144.33,145.79,192255500
11/09/2007,146.24,147.7,146.13,147.49,161928600
12/09/2007,147.29,148.44,146.98,147.87,149554600
13/09/2007,148.55,149.45,148.2,148.91,153835500
14/09/2007,147.96,149.09,147.74,148.9,121900000
17/09/2007,148.31,148.65,147.63,148.1,109832200
18/09/2007,148.83,152.5,148.13,152.46,262750200
19/09/2007,153.41,154.39,152.71,153.36,192627400
20/09/2007,153.34,153.43,152.11,152.28,174833000
21/09/2007,152.71,153.12,151.74,151.97,141457500
24/09/2007,152.42,152.82,151.36,151.69,139194300
25/09/2007,150.81,151.66,150.47,151.39,142289900
26/09/2007,152.25,152.77,151.39,152.19,135547000
27/09/2007,152.91,153.1,152.19,153.09,102695600
28/09/2007,152.85,153.19,151.98,152.58,133344500
01/10/2007,152.6,154.75,152.5,154.3,148104700
02/10/2007,154.61,154.65,153.81,154.09,112647000
03/10/2007,153.81,154.41,153.01,153.78,117783600
04/10/2007,154.11,154.26,153.59,154.02,76688200
05/10/2007,155.03,156.1,154.63,155.85,134579700
08/10/2007,155.39,155.49,154.77,155.02,71253200
09/10/2007,155.6,156.5,155.03,156.48,93861000
10/10/2007,156.04,156.44,155.41,156.22,101476600
11/10/2007,156.93,157.52,154.54,155.47,233515800
12/10/2007,155.46,156.35,155.27,156.33,124529600
15/10/2007,156.27,156.36,153.94,155.01,161033900
16/10/2007,154.41,154.52,153.47,153.78,166393700
17/10/2007,154.98,155.09,152.47,154.25,216592900
18/10/2007,153.45,154.19,153.08,153.69,148367500
19/10/2007,153.09,156.48,149.66,149.67,295362200
22/10/2007,148.86,150.76,148.66,150.54,261712200
23/10/2007,151.46,151.95,150.25,151.76,179877800
24/10/2007,151.21,151.74,148.84,151.48,326211600
25/10/2007,151.65,152.29,149.88,151.84,237327000
26/10/2007,153.06,153.62,151.9,153.62,176484000
29/10/2007,153.93,154.44,153.55,154.13,106794300
30/10/2007,153.45,153.75,152.87,153.06,132944300
31/10/2007,153.98,155.27,152.84,154.65,220268300
01/11/2007,153.29,153.41,150.59,151.03,332923200
02/11/2007,151.53,152,149.21,151.2,331218000
05/11/2007,149.64,151.16,148.97,150.05,226754600
06/11/2007,150.86,152.11,149.9,152.07,177534900
07/11/2007,150.44,151.13,147.55,147.91,306056400
08/11/2007,147.99,148.4,145.07,147.16,374275700
09/11/2007,145.69,147.54,144.89,145.14,277718500
12/11/2007,145.21,146.61,143.7,143.7,242917600
13/11/2007,145.37,148.31,145.22,148.08,191022700
14/11/2007,149.22,149.4,146.78,147.67,229932600
15/11/2007,146.57,147.49,144.52,145.54,262904800
16/11/2007,146.31,146.47,144.57,145.79,308727000
19/11/2007,145.28,145.36,143.19,143.76,267122300
20/11/2007,144.02,145.53,142.11,144.64,414281800
21/11/2007,143.08,143.91,141.67,141.68,259012400
23/11/2007,143.07,144.34,142.7,144.13,77688400
26/11/2007,144.43,144.88,140.66,140.95,212497500
27/11/2007,141.74,143.23,140.95,142.57,293830300
28/11/2007,144.19,147.47,144.14,147.13,258561200
29/11/2007,146.62,147.72,146.1,147.18,199104400
30/11/2007,149.04,149.87,147.33,148.66,222886500
03/12/2007,148.19,148.45,147.29,147.68,145904500
04/12/2007,146.66,147.54,146.31,146.36,136523700
05/12/2007,147.93,149.2,147.83,148.81,170816000
06/12/2007,148.63,151.21,148.57,150.94,154457400
07/12/2007,151.42,151.5,150.55,150.91,148959200
10/12/2007,151.28,152.25,150.86,152.08,123761700
11/12/2007,152.14,152.89,147.83,147.91,249919200
12/12/2007,151.06,151.77,147.2,149.37,322280300
13/12/2007,148.32,149.39,147.3,149.06,237551300
14/12/2007,147.93,149.1,147.1,147.17,159110600
17/12/2007,146.61,146.87,144.86,145.07,177003800
18/12/2007,146.1,146.48,143.96,145.88,245557700
19/12/2007,145.94,146.89,144.94,145.88,198868200
20/12/2007,146.84,146.86,145.18,146.8,214674000
21/12/2007,147.37,148.42,147.09,148.13,146084400
24/12/2007,148.82,149.48,148.48,149.23,45601400
26/12/2007,148.65,149.68,148.5,149.55,67055200
27/12/2007,149.02,149.03,147.32,147.67,120894500
28/12/2007,148.54,148.61,146.9,147.3,116358000
31/12/2007,147.1,147.61,146.06,146.21,108106300
02/01/2008,146.53,146.99,143.88,144.93,204889200
03/01/2008,144.91,145.49,144.07,144.86,125045600
04/01/2008,143.34,143.44,140.91,141.31,232388500
07/01/2008,141.81,142.23,140.1,141.19,234546400
08/01/2008,142.08,142.9,138.44,138.91,326266700
09/01/2008,139.09,140.79,137.7,140.37,301824900
10/01/2008,139.68,142.8,139.37,141.29,334571100
11/01/2008,140.78,141.9,139,140.15,267010600
14/01/2008,141.16,141.86,140.4,141.28,170273800
15/01/2008,139.79,141.49,137.9,138.17,239940100
16/01/2008,137.36,139.12,136.28,136.98,378802600
17/01/2008,137.81,137.88,132.93,133.43,397892600
23/01/2008,127.09,134.19,126.84,133.86,
24/01/2008,134.48,135.46,133.31,134.99,259563800
25/01/2008,136.51,136.76,132.6,133.04,270273200
28/01/2008,133.26,135.52,132.06,135.24,217581900
29/01/2008,136.1,136.45,134.88,135.91,168664000
30/01/2008,135.58,138.54,134.6,134.91,335938200
31/01/2008,133.4,138.54,133.2,137.37,342769100
01/02/2008,137.94,139.61,137.52,139.58,206822200
04/02/2008,139.21,139.3,137.64,137.82,124628500
05/02/2008,135.94,136.25,133.67,134.13,286632100
06/02/2008,134.58,135.25,132.41,133.05,250488200
07/02/2008,131.8,134.79,131.73,133.93,297368100
08/02/2008,133.09,134.22,132.1,133.07,221621100
11/02/2008,133.36,134.21,132.05,133.75,5455600
12/02/2008,134.7,136.3,134,134.99,2853000
13/02/2008,136.39,137.04,135.14,136.37,2717000
14/02/2008,136.87,136.87,134.81,135.17,215108500
15/02/2008,134.36,135.22,133.91,135.14,2267800
19/02/2008,136.67,136.88,134.63,135.52,1913200
20/02/2008,133.99,136.55,133.76,135.92,220085700
21/02/2008,136.71,137,134.1,134.79,201029900
22/02/2008,134.97,135.85,132.86,135.62,205458300
25/02/2008,135.54,137.65,134.78,137.33,189824000
26/02/2008,136.75,138.95,136.5,138.36,212383700
27/02/2008,137.54,139.13,137.49,138.22,1208600
28/02/2008,137.24,137.96,136.55,136.87,170518100
29/02/2008,135.6,137.02,132.78,133.82,252653800
03/03/2008,133.14,133.81,132.24,133.5,189483500
04/03/2008,132.26,133.38,130.99,132.99,2211200
05/03/2008,133.31,134.74,132.36,133.83,2187800
06/03/2008,132.98,133.22,130.55,131.06,247501700
07/03/2008,129.73,131.7,128.6,129.71,3773000
10/03/2008,129.8,129.9,127.59,128,2263600
11/03/2008,130.72,132.72,127.71,132.6,341440600
12/03/2008,132.71,133.73,131.19,131.36,2526800
13/03/2008,129.61,132.64,128.6,131.65,351504200
14/03/2008,132.77,132.81,127.78,129.61,484661900
17/03/2008,126.57,129.26,126.07,128.3,404978700
18/03/2008,130.62,133.69,129.98,133.63,334238300
19/03/2008,134.14,134.65,130.04,130.32,345780100
20/03/2008,130.05,132.91,129.26,132.08,243220400
24/03/2008,133.31,135.81,133.24,134.72,208977300
25/03/2008,134.87,135.55,133.77,134.85,963200
26/03/2008,134.46,135.09,133.11,133.2,196852000
27/03/2008,134.21,134.43,132.38,132.78,1128400
28/03/2008,132.99,133.36,131.06,131.51,180896100
31/03/2008,131.29,132.73,131.09,131.97,166492500
02/04/2008,137.09,137.65,135.99,136.7,710200
03/04/2008,135.96,137.38,135.72,137.04,3837600
04/04/2008,137.12,137.96,136.12,136.89,204446800
07/04/2008,137.87,138.57,136.74,136.96,154245500
08/04/2008,136.13,136.9,135.99,136.82,786600
09/04/2008,136.51,136.78,134.93,135.83,2633000
10/04/2008,135.35,136.66,134.98,136.02,882400
11/04/2008,134.56,135.12,133.01,133.38,1436400
14/04/2008,133.19,133.54,132.55,132.93,160486400
15/04/2008,133.58,133.69,132.33,133.24,172342200
16/04/2008,134.63,136.91,134.52,136.85,189196700
17/04/2008,136.02,137.25,135.66,137.05,179665700
18/04/2008,138.94,139.56,138.26,138.48,218498100
21/04/2008,138.23,138.98,137.85,138.55,118555900
22/04/2008,138.2,138.29,136.93,137.94,949600
23/04/2008,138.1,138.75,137.13,137.72,1526400
24/04/2008,138.16,139.7,137.05,138.32,1457400
25/04/2008,139.49,139.84,137.94,139.6,2349400
28/04/2008,139.88,140.25,139.38,139.63,105610200
29/04/2008,139.41,139.68,138.64,139.08,660600
30/04/2008,139.29,140.59,138.26,138.26,208338200
01/05/2008,138.43,141.12,138.3,141.12,3181400
02/05/2008,142.2,142.3,140.6,141.51,1067800
05/05/2008,141.06,141.53,140.43,140.83,118504500
06/05/2008,140.03,142.16,139.7,142.05,2167200
07/05/2008,141.89,142.04,139.13,139.52,199208200
08/05/2008,139.74,140.32,138.98,139.16,178273600
09/05/2008,138.6,139.39,138.45,138.9,152492000
12/05/2008,139.25,140.56,138.73,140.46,147865900
13/05/2008,140.8,140.89,139.73,140.48,159132200
14/05/2008,141.07,142.2,140.46,140.77,181860600
15/05/2008,141.04,142.63,140.83,142.53,166902700
16/05/2008,142.86,142.87,141.61,142.66,204199200
19/05/2008,142.81,144.3,142.3,143.05,165664400
20/05/2008,142.27,142.34,141,141.89,178538800
21/05/2008,141.81,142.12,139,139.49,252694900
22/05/2008,139.43,140.17,139,139.51,170800000
23/05/2008,139.05,139.66,137.52,137.64,181376400
27/05/2008,137.8,139,137.53,138.66,168307200
28/05/2008,139.17,140,138,139.3,181263000
29/05/2008,139.13,140.93,139.08,140,173827900
30/05/2008,140.47,140.74,139.94,140.35,117323400
02/06/2008,139.83,139.86,138,138.9,181025700
03/06/2008,139.3,139.62,137.23,138.09,271965700
04/06/2008,137.7,139.16,137.46,138.02,246637700
05/06/2008,138.58,140.89,138.32,140.78,236152000
06/06/2008,139.55,139.8,136.22,136.29,384077400
09/06/2008,136.86,137.5,135.41,136.62,228228500
10/06/2008,135.67,137.1,135.35,135.94,260138500
11/06/2008,135.97,136.26,133.93,133.94,283890100
12/06/2008,134.6,135.87,133.52,134.45,252636300
13/06/2008,135.17,136.52,134.42,136.15,244683600
16/06/2008,135.55,136.93,135.46,136.23,185786100
17/06/2008,137.07,137.12,135.37,135.57,191707700
18/06/2008,134.69,135.52,133.71,134.25,265893000
19/06/2008,134.15,135.24,132,134.42,304204900
20/06/2008,132.84,133.09,131.22,131.58,289205000
23/06/2008,132.09,132.23,131.32,131.45,165096400
24/06/2008,131.05,132.44,130.19,131.19,267276400
25/06/2008,131.72,133.4,131.24,131.81,287770200
26/06/2008,130.57,131.42,128.08,128.23,297653800
27/06/2008,128.28,128.86,127.04,127.53,303388600
30/06/2008,127.89,128.91,127.3,127.98,258842600
01/07/2008,126.52,128.47,125.93,128.38,388567300
02/07/2008,128.79,129.16,125.95,126.18,288064600
07/07/2008,126.79,127.34,123.92,125.02,372386700
08/07/2008,124.99,127.39,124.2,127.24,375973700
09/07/2008,127.5,127.74,124.39,124.79,336729400
10/07/2008,124.43,125.79,123.58,125.3,436434900
11/07/2008,123.97,125.9,122.49,123.84,481035000
14/07/2008,125.26,125.5,122.4,122.72,322617000
15/07/2008,121.8,123.49,120.02,120.99,502429000
16/07/2008,121.45,124.57,121.1,123.96,371580600
17/07/2008,125.14,126.26,124.09,125.2,375465000
18/07/2008,126.17,126.42,125.15,125.98,266992400
21/07/2008,126.51,126.8,125.19,126.05,222737100
22/07/2008,125.15,127.8,124.85,127.48,296889900
23/07/2008,127.89,129.15,127.55,128.17,311649200
24/07/2008,128.34,128.41,125.16,125.51,248587800
25/07/2008,125.89,126.49,125.17,125.48,219106100
28/07/2008,125.51,126.06,123.42,123.64,205140500
29/07/2008,123.98,126.38,123.64,126.28,261433800
30/07/2008,127.11,128.6,126.28,128.53,354652100
31/07/2008,127.4,128.57,126.63,126.83,277378300
01/08/2008,127.12,127.28,125.46,126.16,248690900
04/08/2008,126.04,126.14,124.76,124.99,188239600
05/08/2008,126.02,128.56,124.97,128.36,251577600
06/08/2008,128.02,129.3,127.48,128.93,209495200
07/08/2008,127.96,128.44,126.54,127.01,246247100
08/08/2008,126.58,129.93,126.38,129.37,260739900
11/08/2008,129.47,131.51,129.23,130.71,249405500
12/08/2008,130.28,130.7,128.73,129.35,213161400
13/08/2008,128.79,129.65,127.67,128.57,256393200
14/08/2008,127.84,130.28,127.75,129.54,239483500
15/08/2008,129.93,130.5,129.3,130.17,181000800
18/08/2008,130.43,130.48,127.66,128.39,171866800
19/08/2008,127.42,127.69,126.53,126.99,194654300
21/08/2008,126.75,128.44,126.6,127.8,180523500
22/08/2008,128.67,129.65,127.8,129.65,167652100
25/08/2008,128.8,129.65,126.75,127.02,171926000
26/08/2008,127.02,127.87,126.58,127.39,158940100
27/08/2008,127.55,128.83,127.3,128.63,170913800
28/08/2008,129.28,130.34,129.11,130.19,167409100
29/08/2008,129.73,130.14,128.51,128.79,189195800
02/09/2008,130.03,130.71,127.52,127.99,252364900
03/09/2008,127.88,128.5,126.93,127.88,251896400
04/09/2008,126.97,127.23,123.96,124.03,340042500
05/09/2008,123.29,124.95,122,124.42,288291100
08/09/2008,128.04,128.24,124.42,126.99,364055300
09/09/2008,127.1,127.36,122.8,123.22,376991200
10/09/2008,123.89,124.9,122.55,123.72,298876200
11/09/2008,122.12,125.74,121.6,125.51,375096300
12/09/2008,124.29,126.21,123.83,126.09,297708100
15/09/2008,121.63,125.65,119.89,120.09,483075100
16/09/2008,117.2,122.32,117,122.1,567223700
17/09/2008,119.64,121.85,116,116.61,621601600
18/09/2008,118.05,121.79,113.8,120.07,758116300
19/09/2008,126.7,128,123.33,124.12,501087800
22/09/2008,124.45,124.75,120.36,121.31,249936300
23/09/2008,120.85,122.02,118.28,118.55,327470400
24/09/2008,119.35,120,117.79,118.93,311818400
25/09/2008,119.4,121.91,118.44,120.79,327856600
26/09/2008,118.83,121.5,118.51,120.85,285810900
29/09/2008,119.14,119.34,110.97,111.38,6752500
30/09/2008,113.51,116.8,110.53,115.99,328154400
02/10/2008,114.95,115.11,111.06,111.85,365337800
03/10/2008,112.86,115.45,109.68,110.34,461798000
06/10/2008,107.15,107.62,100.64,104.72,610637500
07/10/2008,106.84,107.33,99.65,100.03,540012100
08/10/2008,97.52,102.18,96.81,97.51,725414800
09/10/2008,99.66,100.62,90.25,90.7,534485200
10/10/2008,86.76,93.94,83.58,88.5,871026300
13/10/2008,93.87,101.35,89.95,101.35,455584000
14/10/2008,104.7,105.53,97.11,99.85,546268300
15/10/2008,97.46,97.8,89.71,90.02,484453800
16/10/2008,91.29,94.77,86.54,93.77,708587000
17/10/2008,91.99,98.59,91.65,93.21,476649000
20/10/2008,95.35,99.1,94.09,98.81,321158800
21/10/2008,96.97,98.64,95.22,95.86,356322200
22/10/2008,93.2,95.86,87.53,90.64,515623200
23/10/2008,90.29,92.45,85.81,91.69,634484900
24/10/2008,84.06,89.92,84,87.04,545633800
27/10/2008,85.97,89.51,83.7,83.95,397288600
28/10/2008,87.34,94.24,84.53,93.76,639684700
29/10/2008,93.77,97.17,92.1,93.08,531270100
30/10/2008,95.78,96.54,92.9,96.3,414408300
31/10/2008,95.08,98.57,94.48,96.83,411394000
03/11/2008,96.78,97.69,95.95,97.11,205419400
04/11/2008,99.06,100.86,96.71,100.41,346793400
05/11/2008,99.2,100.71,95,96.19,387844100
06/11/2008,94.46,95.44,90.06,90.86,477721900
07/11/2008,91.65,94,90.5,93.86,380391000
10/11/2008,95.21,95.53,90.92,92.63,301773000
11/11/2008,90.76,92.14,88.65,89.77,418498200
12/11/2008,88.23,88.95,85.12,85.82,454078700
13/11/2008,86.13,91.73,82.09,91.17,753141900
14/11/2008,89.41,92.06,86.52,86.62,539209500
17/11/2008,86.38,88.56,85.16,85.47,415254900
18/11/2008,85.15,87.22,82.91,87.08,523811800
19/11/2008,85.91,86.87,80.92,81.5,558327600
20/11/2008,80.13,82.51,75.05,75.45,813622400
21/11/2008,77.46,80.9,74.34,79.52,718536500
24/11/2008,81.92,86.99,80.36,85.03,523305300
25/11/2008,87.3,87.51,83.82,85.66,454112400
26/11/2008,84.3,89.19,84.24,88.97,370134200
28/11/2008,88.63,90.13,88.48,90.09,118308100
01/12/2008,87.51,87.55,81.86,82.11,369927100
02/12/2008,83.47,85.49,82.04,85.27,469508400
03/12/2008,83.4,87.83,83.14,87.32,519863500
04/12/2008,86.06,88.05,83.74,85.3,444173800
05/12/2008,83.65,88.42,82.24,87.93,471905300
08/12/2008,90.34,92.38,88.08,91,412859300
09/12/2008,90.37,92.13,88.98,89.5,370790000
10/12/2008,90.32,91.36,89,90.11,396187400
11/12/2008,89.54,91,87.37,87.94,365061000
12/12/2008,85.55,89.07,85.2,88.99,415060400
15/12/2008,89.02,89.15,86.29,87.75,256694200
16/12/2008,91.88,92.02,88.18,91.88,376279500
17/12/2008,90.84,92.43,90.06,90.99,281819800
18/12/2008,91.4,91.67,88.21,89.29,374673300
19/12/2008,89.1,90.62,88.09,88.19,301451300
22/12/2008,88.58,88.67,85.49,87.06,243759500
23/12/2008,87.53,87.93,85.8,86.16,221625200
24/12/2008,86.45,86.87,86,86.66,62061600
26/12/2008,87.24,87.3,86.5,87.16,74767700
29/12/2008,87.24,87.33,85.6,86.91,127795900
30/12/2008,87.51,89.05,86.88,88.97,168256300
31/12/2008,89.08,90.97,88.87,90.24,193987200
02/01/2009,90.44,93.44,89.85,92.96,227566300
05/01/2009,92.63,93.66,91.89,92.85,240349700
06/01/2009,93.64,94.45,92.68,93.47,328260900
07/01/2009,92,92.26,90.2,90.67,280899200
08/01/2009,90.16,91.09,89.67,91.04,263621000
09/01/2009,91.16,91.32,85.36,89.09,330953600
12/01/2009,88.84,88.91,86.41,86.95,277858500
13/01/2009,86.73,87.88,86.2,87.11,356432300
14/01/2009,85.54,85.75,83.16,84.37,435491600
15/01/2009,84.12,85.25,81.72,84.4,532647300
16/01/2009,85.86,85.99,83.05,85.06,399237200
20/01/2009,84.23,85.06,80.05,80.57,419855200
21/01/2009,81.94,84.24,80.47,84.05,364360700
22/01/2009,82.42,84.04,81.17,82.75,427622100
23/01/2009,80.9,83.99,80.57,83.11,386753500
26/01/2009,83.59,85.36,82.81,83.68,317978800
27/01/2009,84.13,85.15,83.3,84.53,273789700
28/01/2009,86.4,87.95,86.07,87.39,330007000
29/01/2009,86.11,87.49,84.47,84.55,294392500
30/01/2009,84.98,85.4,82.21,82.83,383383600
02/02/2009,81.57,83.18,81.31,82.58,288233300
03/02/2009,83.1,84.36,82.22,83.74,278385800
04/02/2009,84.3,85.37,83.04,83.33,322776400
05/02/2009,82.7,85.29,77.73,84.57,417552500
06/02/2009,84.86,87.34,84.68,86.98,365739500
09/02/2009,86.96,87.74,86.32,87.1,239493500
10/02/2009,86.27,87.03,82.45,83.11,535980400
11/02/2009,83.45,84.05,82.4,83.6,324442500
12/02/2009,82.17,83.82,81.05,83.66,469058600
13/02/2009,83.55,84.24,82.74,82.76,293846900
17/02/2009,80.16,82.96,79.17,79.22,478809300
18/02/2009,79.79,79.94,78.28,79.03,362674300
19/02/2009,79.84,80.15,78.02,78.18,316787900
20/02/2009,76.73,78.34,75.77,77.42,477043700
23/02/2009,78.27,78.27,74.59,74.65,379314900
24/02/2009,75.29,77.95,74.7,77.48,426082400
25/02/2009,77.14,78.42,75.63,76.87,461737000
26/02/2009,77.82,79.67,75.53,75.62,363204400
27/02/2009,74.01,75.69,73.81,73.93,470456000
02/03/2009,72.52,73.92,70.37,70.6,426249400
03/03/2009,71.61,71.7,69.64,70.07,443432100
04/03/2009,71.23,72.87,70.07,71.73,462111600
05/03/2009,70.1,71.73,68.17,68.8,485240300
06/03/2009,69.4,70.45,67.1,68.92,490382500
09/03/2009,67.95,70,67.73,68.11,379724100
10/03/2009,69.51,72.37,69.37,72.17,405970000
11/03/2009,73,73.75,71.83,72.64,356648300
12/03/2009,72.62,75.75,71.97,75.5,409702700
13/03/2009,76.01,76.98,74.73,76.09,336868100
16/03/2009,76.96,77.97,75.81,75.86,360644900
17/03/2009,76.07,78.36,75.45,78.18,356814300
19/03/2009,80.93,81,78.69,78.94,428520400
20/03/2009,78.76,78.91,76.53,76.71,371078200
23/03/2009,78.74,82.29,78.31,82.22,419933300
24/03/2009,81.24,82.36,80.51,80.6,330271000
25/03/2009,81.23,82.7,79.06,81.45,441775100
26/03/2009,82.25,83.3,81.32,83.11,421574800
27/03/2009,82.05,82.53,81.31,81.61,322275700
30/03/2009,79.8,79.87,77.96,78.79,323941800
31/03/2009,79.56,81.08,79.05,79.52,363873800
01/04/2009,78.53,81.42,78.33,81.06,376762300
02/04/2009,83.08,84.61,81.13,83.43,476061800
03/04/2009,83.49,84.28,82.67,84.26,284544900
06/04/2009,83.34,84.28,82.29,83.6,264726400
07/04/2009,82.25,82.65,81.51,81.65,258947800
08/04/2009,82.06,82.94,81.54,82.53,230174800
09/04/2009,84.67,85.82,84.33,85.81,269539100
13/04/2009,84.92,86.54,84.58,85.83,224780500
14/04/2009,85.03,85.76,84.08,84.35,276148800
15/04/2009,83.84,85.42,83.61,85.25,250612100
16/04/2009,85.93,87.15,84.77,86.5,335096800
17/04/2009,86.83,87.65,86.14,87.08,262588600
20/04/2009,85.54,87.05,83.34,83.43,293574800
21/04/2009,82.82,85.13,82.75,85.06,300395500
22/04/2009,84.29,86.34,84.07,84.54,340314900
23/04/2009,84.71,85.42,83.63,85.37,324631500
24/04/2009,86.03,87.31,85.69,86.66,287631200
27/04/2009,85.68,87.01,85.54,85.84,289429600
28/04/2009,84.97,86.59,84.76,85.57,247676900
29/04/2009,86.52,88.36,86.3,87.39,311339300
30/04/2009,88.55,89.02,86.92,87.42,301277600
01/05/2009,87.44,88.21,86.72,87.89,236075300
04/05/2009,88.55,90.94,88.38,90.88,286929800
05/05/2009,90.57,90.93,89.84,90.57,242926900
07/05/2009,93.01,93.15,90.28,90.86,317728000
08/05/2009,92.03,93.22,91.44,92.98,299030900
11/05/2009,91.7,92.11,91.04,91.24,247809100
12/05/2009,91.63,91.83,89.85,90.97,282199200
13/05/2009,89.74,90.01,88.5,88.68,269431300
14/05/2009,88.72,90.12,88.5,89.44,260027700
15/05/2009,89.37,90,88.15,88.71,271433900
18/05/2009,89.55,91.34,88.57,91.23,241447400
19/05/2009,91.18,91.97,90.81,91.12,205823100
20/05/2009,91.95,92.8,90.41,90.51,285722200
21/05/2009,89.46,89.8,88.26,89.21,258504800
22/05/2009,89.46,90,88.68,89.02,166765300
26/05/2009,88.36,91.56,88.32,91.3,236189300
27/05/2009,91.44,91.75,89.53,89.67,246015800
28/05/2009,90.46,91.34,89.1,90.92,289036800
29/05/2009,91.42,93.7,90.68,92.53,258326900
01/06/2009,93.67,95.17,93.43,94.77,276166000
02/06/2009,94.4,95.37,94.23,94.85,230645300
03/06/2009,94.04,94.13,92.76,93.65,235310500
04/06/2009,94,94.67,93.3,94.53,210018300
05/06/2009,95.49,95.67,93.8,94.55,284224200
08/06/2009,93.84,95.1,93.04,94.16,238490200
09/06/2009,94.69,95.14,94.02,94.64,224933900
10/06/2009,95.48,95.49,93.19,94.4,295800700
11/06/2009,94.58,96.11,94.56,94.82,275268900
12/06/2009,94.4,95.14,94,95.08,184361800
15/06/2009,93.96,94.02,92.4,92.9,224146000
16/06/2009,93.23,93.29,91.58,91.64,227057100
17/06/2009,91.6,92.33,90.83,91.55,223321600
19/06/2009,92.58,92.7,91.52,92.04,215620800
22/06/2009,91.14,91.19,89.25,89.28,251830100
23/06/2009,89.47,89.88,88.85,89.35,188169200
25/06/2009,89.67,92.17,89.57,92.08,279361000
26/06/2009,91.77,92.24,91.27,91.84,167545700
29/06/2009,92.11,92.82,91.6,92.7,168411600
30/06/2009,92.72,93.06,91.27,91.95,228824000
01/07/2009,92.34,93.23,92.21,92.33,172974000
02/07/2009,91.13,92.36,89.76,89.81,212098500
06/07/2009,88.94,89.93,88.66,89.8,170571300
07/07/2009,89.71,89.82,88,88.06,198461300
08/07/2009,88.59,88.8,87,88,247929400
09/07/2009,88.61,88.9,87.91,88.17,163741700
10/07/2009,87.7,88.49,87.35,87.96,173363600
13/07/2009,88.31,90.17,87.59,90.1,217212500
14/07/2009,90.38,90.69,89.73,90.61,181487400
15/07/2009,91.81,93.51,90.68,93.26,220264300
16/07/2009,93,94.51,92.82,93.11,231095600
17/07/2009,94.06,94.32,93.54,94.13,138494200
20/07/2009,94.68,95.29,94.19,95.13,164089700
21/07/2009,95.87,95.9,94.42,95.57,217401800
22/07/2009,94.96,96.13,94.89,95.55,195945500
23/07/2009,95.61,98.08,95.53,97.66,258510100
24/07/2009,97.2,98.14,96.69,98.06,153926200
27/07/2009,97.88,98.4,97.34,98.35,159010800
28/07/2009,97.66,98.37,97.06,97.89,186440500
29/07/2009,97.44,98.09,96.98,97.65,194287400
30/07/2009,98.83,99.83,98.6,98.67,225395600
31/07/2009,98.65,99.47,98.38,98.81,207304800
03/08/2009,99.85,100.53,99.31,100.44,175659200
05/08/2009,100.77,100.86,99.58,100.41,184681500
06/08/2009,100.87,101.02,99.42,99.89,193082900
07/08/2009,100.94,102.03,100.39,101.2,220640900
11/08/2009,100.54,100.61,99.46,99.73,157262800
12/08/2009,99.56,101.56,99.51,100.8,218845400
13/08/2009,101.26,101.61,100.26,101.57,176385400
14/08/2009,101.52,101.6,99.7,100.79,199616100
18/08/2009,98.53,99.44,98.35,99.09,173430800
19/08/2009,98.31,100.3,98.21,99.96,192442300
20/08/2009,100.09,101.22,99.87,100.99,174039000
21/08/2009,101.82,103.13,101.62,102.97,224526200
24/08/2009,103.39,103.95,102.59,102.96,191092700
25/08/2009,103.37,104.26,102.94,103.16,214957600
26/08/2009,102.84,103.64,102.49,103.17,194562400
27/08/2009,103.11,103.72,101.94,103.4,195936100
28/08/2009,104.23,104.35,102.67,103.38,146988200
31/08/2009,102.37,102.58,101.79,102.46,175951800
01/09/2009,101.95,103.24,99.99,100.2,321166600
02/09/2009,99.78,100.44,99.57,99.82,171704900
03/09/2009,100.4,100.77,99.59,100.65,143486600
04/09/2009,100.85,102.09,100.55,102.06,142611000
08/09/2009,103,103.05,102.39,102.94,132826100
09/09/2009,103.12,104.08,102.8,103.73,154576300
10/09/2009,103.8,104.86,103.22,104.79,162798600
11/09/2009,104.99,105.3,104.28,104.77,152309400
15/09/2009,105.45,106.11,104.76,105.72,196655200
16/09/2009,106.1,107.34,105.73,107.32,206107100
17/09/2009,107.17,108.06,106.57,107.16,229076100
18/09/2009,107.15,107.16,106.36,106.72,153780000
21/09/2009,105.89,107,105.66,106.45,151791200
22/09/2009,107.08,107.37,106.6,107.07,142958300
23/09/2009,107.32,108.03,105.99,106.18,225836100
24/09/2009,106.41,106.64,104.55,105.01,228567300
25/09/2009,104.78,105.36,104.09,104.45,204024800
29/09/2009,106.51,107.02,105.78,106,133643000
30/09/2009,106.36,106.46,104.62,105.59,254100900
01/10/2009,103,105.73,102.95,102.97,281720100
02/10/2009,102.02,103.1,101.99,102.49,224710500
05/10/2009,102.9,104.32,102.6,104.02,149795600
06/10/2009,104.77,106.11,104.71,105.51,202440600
07/10/2009,105.27,105.91,105.07,105.8,158958600
08/10/2009,106.55,107.17,105.85,106.61,183180700
09/10/2009,106.64,107.26,106.36,107.26,134975700
12/10/2009,107.76,108.09,107.28,107.68,117919800
13/10/2009,107.39,107.71,106.76,107.46,157495900
14/10/2009,108.72,109.42,107.42,109.31,191359800
15/10/2009,108.78,109.71,108.73,109.71,173799900
16/10/2009,108.8,109.27,108.23,108.89,192012000
19/10/2009,109.07,110.13,108.73,109.79,159346500
20/10/2009,109.95,109.99,108.68,109.21,180839300
21/10/2009,109.04,110.31,108.15,108.23,225379300
22/10/2009,108.19,109.68,107.5,109.33,238201000
23/10/2009,109.69,109.76,107.63,108.08,239927800
26/10/2009,108.2,109.31,106.61,106.91,241902800
27/10/2009,107.03,107.39,106.16,106.42,252600600
28/10/2009,106.15,106.48,104.35,104.41,248537500
29/10/2009,105.19,106.86,104.94,106.65,198032200
30/10/2009,106.3,106.62,103.44,103.56,325537000
02/11/2009,104.13,105.41,103.08,104.32,254222900
03/11/2009,103.74,104.8,103.54,104.65,228319300
04/11/2009,105.51,106.33,104.65,104.92,247457300
05/11/2009,105.66,106.88,105.44,106.85,179821900
06/11/2009,106.26,107.4,106.05,107.13,170911200
09/11/2009,107.95,109.63,107.87,109.57,159453300
10/11/2009,109.31,109.93,108.97,109.59,171672500
11/11/2009,110.31,110.82,109.62,110.15,169350600
12/11/2009,110,110.57,108.75,109.03,157057300
13/11/2009,109.31,110.09,108.75,109.62,150934500
16/11/2009,110.38,111.69,110.32,111.21,210863900
17/11/2009,110.92,111.39,110.5,111.34,146911800
18/11/2009,111.26,111.43,110.57,111.27,156321300
19/11/2009,110.51,111.31,109.13,109.82,208661100
20/11/2009,109.25,109.76,109.01,109.43,134167900
23/11/2009,110.72,111.74,110.6,110.82,147968500
24/11/2009,111,111.2,110.01,110.99,138282300
25/11/2009,111.17,111.5,110.82,111.38,109465100
27/11/2009,108.4,110.32,108.29,109.57,126001800
30/11/2009,109.48,110.2,108.12,109.94,160675000
01/12/2009,110.92,111.66,110.73,111.3,159542500
02/12/2009,111.28,112.01,110.92,111.25,131331000
03/12/2009,111.55,112.18,110.29,110.38,167075400
04/12/2009,111.84,112.38,110.04,111.01,274878100
07/12/2009,110.91,111.53,110.49,110.84,127816100
08/12/2009,110.04,110.77,109.27,109.61,169737200
09/12/2009,109.58,110.18,109.02,110.02,154997600
10/12/2009,110.7,111.12,110.45,110.64,137958400
11/12/2009,111.11,111.36,110.61,111.11,124774900
14/12/2009,111.87,112,111.13,111.87,107063300
15/12/2009,111.46,111.92,111,111.35,120355000
16/12/2009,111.8,112.13,111.27,111.52,155108700
17/12/2009,110.72,110.93,110.08,110.18,183277700
18/12/2009,110.2,110.3,109.28,110.21,172645200
21/12/2009,110.76,111.7,110.76,111.33,118039600
22/12/2009,111.57,111.97,111.43,111.73,91674800
23/12/2009,112,112.11,111.5,111.95,111750600
24/12/2009,112.19,112.6,112,112.48,39677500
28/12/2009,112.9,112.99,112.32,112.72,87385900
29/12/2009,113.01,113.03,112.55,112.56,80511700
30/12/2009,112.23,112.65,112.17,112.52,72973500
31/12/2009,112.77,112.8,111.39,111.44,90154800
04/01/2010,112.37,113.39,111.51,113.33,118876000
05/01/2010,113.26,113.68,112.85,113.63,111543400
06/01/2010,113.52,113.99,113.43,113.71,116037300
07/01/2010,113.5,114.33,113.18,114.19,131002800
08/01/2010,113.89,114.62,113.66,114.57,126361000
11/01/2010,115.08,115.13,114.24,114.73,106060600
12/01/2010,113.97,114.21,113.22,113.66,166563300
13/01/2010,113.95,114.94,113.37,114.62,161738700
14/01/2010,114.49,115.14,114.42,114.93,115718800
15/01/2010,114.73,114.84,113.2,113.64,212255500
19/01/2010,113.62,115.13,113.59,115.06,138691300
20/01/2010,114.28,114.45,112.98,113.89,216403600
21/01/2010,113.92,114.27,111.56,111.7,344757500
22/01/2010,111.2,111.74,109.09,109.21,345814900
25/01/2010,110.21,110.41,109.41,109.77,186780400
26/01/2010,109.34,110.47,109.04,109.31,210952300
27/01/2010,109.17,110.08,108.33,109.83,271497800
28/01/2010,110.19,110.25,107.91,108.57,315940700
29/01/2010,109.04,109.8,107.22,107.39,310627000
01/02/2010,108.15,109.07,107.5,109.06,187405200
02/02/2010,109.26,110.59,108.88,110.38,216204700
03/02/2010,109.88,110.48,109.51,109.83,172563600
04/02/2010,108.98,109.03,106.42,106.44,356226600
05/02/2010,106.56,106.88,104.58,106.66,493485900
08/02/2010,106.74,107.33,105.81,105.89,223987500
09/02/2010,107.13,108.15,106.27,107.22,337700500
10/02/2010,107.05,107.6,106.11,107.01,240345000
11/02/2010,106.87,108.25,106.25,108.13,223358500
12/02/2010,106.99,108.1,106.51,108.04,304344600
16/02/2010,108.86,109.85,107.82,109.74,157023900
17/02/2010,110.27,110.41,109.74,110.26,168627700
18/02/2010,110.08,111.14,110.04,110.91,193068400
19/02/2010,110.62,111.57,110.36,111.14,215599300
22/02/2010,111.55,111.58,110.83,111.16,132182700
23/02/2010,110.86,111.2,109.52,109.81,207034900
24/02/2010,110.14,111,109.86,110.82,176225600
25/02/2010,109.24,110.75,108.94,110.67,259105900
26/02/2010,110.77,111.12,110.11,110.74,173453100
01/03/2010,111.2,112,111.17,111.89,147559000
02/03/2010,112.37,112.74,112,112.2,160937400
03/03/2010,112.49,112.97,112.02,112.3,150635700
04/03/2010,112.45,112.8,112.03,112.64,135539800
05/03/2010,113.37,114.34,113.1,114.25,176053800
09/03/2010,113.93,114.99,113.87,114.46,154438200
10/03/2010,114.51,115.28,114.41,114.97,185855200
11/03/2010,114.7,115.48,114.35,115.45,160462300
12/03/2010,115.95,115.97,115.14,115.46,161957500
15/03/2010,115.26,115.57,114.6,115.49,146630700
16/03/2010,115.81,116.52,115.49,116.41,168562400
17/03/2010,116.76,117.48,116.42,117.1,177319400
18/03/2010,117.11,117.27,116.57,117.04,196322900
19/03/2010,116.96,117.29,115.52,115.97,226559800
22/03/2010,115.31,116.8,115.24,116.59,184120800
23/03/2010,116.76,117.51,116.38,117.41,182707200
24/03/2010,116.97,117.43,115.58,116.84,196072600
25/03/2010,117.63,118.17,116.51,116.65,223238000
26/03/2010,116.87,117.42,116.12,116.58,205641400
29/03/2010,117.17,117.53,116.69,117.32,134457800
30/03/2010,117.46,117.83,116.91,117.4,145688800
31/03/2010,116.95,117.52,116.61,117,160945300
01/04/2010,117.8,118.25,117.1,117.8,161093400
05/04/2010,118.25,118.84,117.92,118.76,105643500
06/04/2010,118.42,119.25,118.29,119.04,110205700
07/04/2010,118.8,119.36,117.81,118.36,184473400
08/04/2010,117.95,118.97,117.6,118.77,158497400
09/04/2010,119.02,119.6,118.8,119.55,132705700
12/04/2010,119.7,120.05,119.56,119.74,110202600
13/04/2010,119.62,120.04,119,119.83,125043600
14/04/2010,120.27,121.19,120.08,121.19,160445300
15/04/2010,120.99,121.57,120.95,121.29,144545200
16/04/2010,120.86,121.29,118.75,119.36,366397800
19/04/2010,119.01,119.93,118.47,119.81,217705400
20/04/2010,120.56,120.98,119.87,120.88,157573400
22/04/2010,119.81,121.17,119.12,121.02,239117400
23/04/2010,120.94,121.86,120.63,121.81,177282600
26/04/2010,121.85,122.12,121.23,121.35,143389000
27/04/2010,120.65,121.34,118.25,118.48,355579600
28/04/2010,119.05,119.68,118.27,119.38,300558900
29/04/2010,120.1,121.11,120.07,120.86,193613600
30/04/2010,120.88,121.01,118.78,118.81,269867800
04/05/2010,119.01,119.03,116.92,117.52,360202200
05/05/2010,116.56,117.8,115.97,116.82,328818800
06/05/2010,116.26,117,105,112.94,637998800
07/05/2010,112.64,113.77,109.41,111.26,636838200
10/05/2010,115.81,116.65,114.91,116.16,395960000
11/05/2010,115.07,117.36,114.91,115.83,314315200
12/05/2010,116.29,117.62,116.09,117.45,235525700
13/05/2010,117.13,117.68,115.89,115.99,234361100
14/05/2010,115.12,115.33,112.87,113.89,345537100
18/05/2010,114.88,115.22,112.03,112.4,360195600
19/05/2010,111.77,112.77,110.36,111.76,394508900
20/05/2010,109.38,109.89,107.47,107.54,529485500
21/05/2010,105.91,109.38,105.36,109.11,500636400
25/05/2010,105.11,107.87,104.38,107.82,396145500
26/05/2010,108.48,109.47,106.85,107.17,349150100
27/05/2010,109.19,110.8,108.78,110.76,300587100
28/05/2010,110.64,110.72,108.85,109.37,297575900
01/06/2010,108.35,109.95,107.37,107.53,277661900
02/06/2010,108.08,110.34,107.51,110.33,240075000
03/06/2010,110.65,111.06,109.58,110.71,226495000
04/06/2010,108.61,109.33,106.46,106.82,397068200
07/06/2010,107.2,107.61,105.41,105.49,264347700
08/06/2010,105.57,106.83,104.65,106.62,357568700
09/06/2010,107.24,108.28,105.6,106.05,267834800
10/06/2010,107.86,109.28,106.04,109.15,317712300
11/06/2010,108.19,109.75,108.12,109.68,214063900
14/06/2010,110.52,111.12,109.4,109.51,207022400
15/06/2010,110.28,112.1,110.09,112,238098000
16/06/2010,111.42,112.42,111.2,111.96,216235700
17/06/2010,112.28,112.33,111.05,112.14,263087000
18/06/2010,111.83,112.13,111.37,111.73,173824600
21/06/2010,113.12,113.2,110.79,111.41,212892800
22/06/2010,111.41,111.9,109.41,109.57,239214600
23/06/2010,109.64,110.03,108.48,109.23,254639900
24/06/2010,108.69,108.83,107.14,107.42,268523600
25/06/2010,107.74,108.42,106.77,107.87,238502000
28/06/2010,108.03,108.32,107.14,107.53,169218600
29/06/2010,106.02,107.51,103.55,104.21,373398800
30/06/2010,103.92,104.88,102.88,103.22,283464900
01/07/2010,103.15,103.49,101.13,102.76,382727900
02/07/2010,103.11,103.42,101.62,102.2,233320500
06/07/2010,103.64,104.37,101.88,102.87,256869000
07/07/2010,103.13,106.24,103.02,106.11,253491200
08/07/2010,107,107.28,105.91,107.16,210740600
09/07/2010,107.13,107.97,106.93,107.96,144964200
12/07/2010,107.6,108.24,107.15,108.03,131213600
13/07/2010,109.15,110.09,108.93,109.66,213025900
14/07/2010,109.31,110.08,108.86,109.65,184403900
15/07/2010,109.61,110.06,108.17,109.68,231571400
16/07/2010,109.09,109.21,106.45,106.66,282693400
19/07/2010,107.05,107.63,106.22,107.29,186709000
20/07/2010,105.87,108.56,105.82,108.48,258011700
21/07/2010,109.04,109.07,106.63,107.07,264364700
22/07/2010,108.34,109.94,108.33,109.46,274546600
23/07/2010,109.24,110.57,108.93,110.41,221949800
26/07/2010,110.6,111.67,110.29,111.56,184315400
27/07/2010,112.17,112.29,111.11,111.55,204811300
28/07/2010,111.32,111.66,110.46,110.83,162889500
29/07/2010,111.52,111.82,109.41,110.29,220072800
30/07/2010,109.17,110.86,108.98,110.27,219924300
02/08/2010,111.99,112.94,111.54,112.76,188029400
03/08/2010,112.48,112.77,111.85,112.22,146534700
04/08/2010,112.53,113.11,112.16,112.97,158021500
05/08/2010,112.25,112.91,112.08,112.85,140364400
06/08/2010,111.74,112.57,110.92,112.39,239625600
09/08/2010,112.92,113.18,112.32,112.99,120749600
10/08/2010,112.03,112.98,111.37,112.38,242741500
11/08/2010,110.65,110.69,109.12,109.3,273160300
12/08/2010,107.65,109.02,107.6,108.63,239370400
13/08/2010,108.29,108.96,108.18,108.31,158441100
16/08/2010,107.57,108.61,107.18,108.26,147582600
17/08/2010,109.19,110.39,108.88,109.59,172140400
18/08/2010,109.54,110.38,108.91,109.79,182690500
19/08/2010,109.22,109.49,107.43,107.88,265813000
20/08/2010,107.56,107.94,106.75,107.53,209679400
23/08/2010,108.04,108.57,107.07,107.12,163197600
24/08/2010,105.95,106.39,104.97,105.53,280428100
25/08/2010,104.95,106.34,104.29,105.94,272093000
26/08/2010,106.44,106.58,104.88,105.23,224292200
27/08/2010,105.89,106.97,104.31,106.86,272649000
30/08/2010,106.58,106.91,105.3,105.31,166904000
31/08/2010,104.92,105.98,104.49,105.31,273660200
01/09/2010,106.73,108.61,106.66,108.46,256647300
02/09/2010,108.72,109.49,108.49,109.47,155964300
03/09/2010,110.54,110.99,109.95,110.89,212126000
07/09/2010,110.37,110.51,109.55,109.64,141857200
08/09/2010,109.86,110.85,109.81,110.41,149924400
09/09/2010,111.65,111.68,110.62,110.92,146957800
10/09/2010,111.12,111.61,110.87,111.48,127767900
13/09/2010,112.58,112.95,112.13,112.72,178107500
14/09/2010,112.5,113.29,112.08,112.65,209370700
15/09/2010,112.32,113.21,111.98,113.08,168495600
16/09/2010,112.73,113.12,112.35,113.05,199784400
17/09/2010,113.04,113.15,112.18,112.49,195747700
20/09/2010,112.88,114.46,112.52,114.21,214555200
21/09/2010,114.3,114.84,113.51,113.98,268389100
22/09/2010,113.8,114.44,113.1,113.42,191266500
23/09/2010,112.49,113.67,112.18,112.5,202106900
24/09/2010,113.75,114.9,113.65,114.82,209612300
27/09/2010,114.86,114.99,114.16,114.27,128761800
28/09/2010,114.42,115.04,113.18,114.67,209131700
29/09/2010,114.38,114.91,114.02,114.47,179576600
30/09/2010,115.05,115.79,113.59,114.13,286965800
01/10/2010,114.99,115.12,113.93,114.61,174556900
04/10/2010,114.37,114.85,113.18,113.75,166013500
05/10/2010,114.8,116.32,114.67,116.04,229366700
06/10/2010,116.02,116.33,115.56,116.03,148521800
07/10/2010,116.5,116.53,115.19,115.89,164691100
08/10/2010,116.05,116.86,115.61,116.54,177654800
11/10/2010,116.72,116.97,116.25,116.65,102924500
12/10/2010,116.27,117.35,115.65,117.01,181787900
13/10/2010,117.66,118.55,117.38,117.92,193994400
14/10/2010,117.81,118.01,116.72,117.46,217442500
15/10/2010,118.28,118.35,116.76,117.7,243563600
18/10/2010,117.74,118.67,117.31,118.28,141204800
19/10/2010,117.19,117.85,116.02,116.73,280355100
20/10/2010,116.94,118.44,116.87,117.87,199792300
21/10/2010,118.4,119.09,117.21,118.13,221477800
22/10/2010,118.31,118.53,118,118.35,108139900
25/10/2010,119.14,119.76,118.61,118.7,151013900
26/10/2010,118.1,118.84,117.87,118.72,158888100
27/10/2010,117.89,118.51,117.26,118.38,189900100
28/10/2010,119.06,119.11,117.83,118.4,168448700
29/10/2010,118.28,118.72,118.07,118.49,144180800
01/11/2010,119.07,119.75,117.85,118.53,173886200
02/11/2010,119.42,119.75,119.1,119.47,158068500
03/11/2010,119.68,120.02,118.45,119.95,226528100
04/11/2010,121.28,122.32,119.97,122.26,214682500
05/11/2010,122.34,122.92,122.18,122.72,180596900
08/11/2010,122.34,122.69,121.94,122.49,155844300
09/11/2010,122.82,122.95,121.12,121.61,186238700
10/11/2010,121.58,122.16,120.66,122.1,220686600
11/11/2010,121.05,121.82,120.68,121.64,157730100
12/11/2010,120.82,121.35,119.65,120.2,238932400
15/11/2010,120.58,121.05,119.98,120.03,163668200
16/11/2010,119.29,119.49,117.59,118.16,299353500
17/11/2010,118.21,118.71,117.86,118.22,172057000
18/11/2010,119.36,120.39,119.35,119.96,197497600
19/11/2010,119.9,120.34,119.25,120.29,156811400
22/11/2010,119.69,120.24,118.77,120.19,181361000
23/11/2010,118.77,119.02,117.99,118.45,221923900
24/11/2010,119.2,120.23,119.18,120.2,140046100
26/11/2010,119.16,119.81,118.8,118.8,75977600
29/11/2010,118.5,119.48,117.74,119.16,223469900
30/11/2010,117.98,119.17,117.81,118.49,233636000
01/12/2010,120.2,121.24,120.19,121.01,220815100
02/12/2010,121.2,122.65,121.13,122.56,190949300
03/12/2010,122.14,123.03,122.11,122.89,151227200
06/12/2010,122.63,123.04,122.5,122.76,102526800
07/12/2010,123.94,124.01,122.76,122.83,206357000
08/12/2010,122.98,123.38,122.41,123.28,137779800
09/12/2010,123.97,124.02,123.15,123.76,123317700
10/12/2010,124.14,124.6,123.73,124.48,117516500
13/12/2010,125.05,125.2,124.52,124.56,133627800
14/12/2010,124.75,125.23,124.29,124.67,147014000
15/12/2010,124.44,124.93,123.89,124.1,160403700
16/12/2010,124.18,124.91,123.75,124.82,178464100
17/12/2010,124.08,124.46,123.82,124.3,140959400
20/12/2010,124.64,124.9,123.98,124.6,118962600
21/12/2010,124.99,125.47,124.87,125.39,94852500
22/12/2010,125.48,125.82,125.41,125.78,78825600
23/12/2010,125.64,125.78,125.29,125.6,70053700
27/12/2010,125.13,125.77,125.04,125.65,58064500
28/12/2010,125.9,125.95,125.5,125.83,55258700
29/12/2010,125.98,126.2,125.9,125.92,57970800
30/12/2010,125.8,126.13,125.53,125.72,76593100
31/12/2010,125.53,125.87,125.33,125.75,91218900
03/01/2011,126.71,127.6,125.7,127.05,138572000
04/01/2011,127.33,127.37,126.19,126.98,137327700
05/01/2011,126.58,127.72,126.46,127.64,133864500
06/01/2011,127.69,127.83,127.01,127.39,122415200
07/01/2011,127.56,127.77,126.15,127.14,155968300
10/01/2011,126.58,127.16,126.2,126.98,122198300
11/01/2011,127.44,127.74,126.95,127.43,110183900
12/01/2011,128.21,128.72,127.46,128.58,107436100
13/01/2011,128.63,128.69,128.05,128.37,129048400
14/01/2011,128.19,129.33,128.1,129.3,117611100
18/01/2011,129.18,129.64,129.03,129.52,114249600
19/01/2011,129.41,129.54,127.91,128.25,151709000
20/01/2011,127.96,128.4,127.13,128.08,175511200
21/01/2011,128.88,129.17,128.23,128.37,151377200
24/01/2011,128.29,129.25,128.26,129.1,113647600
25/01/2011,128.76,129.28,128.11,129.17,167388000
26/01/2011,129.49,130.05,129.23,129.67,141139500
28/01/2011,130.14,130.35,127.51,127.72,295569200
31/01/2011,128.07,128.78,127.75,128.68,149126600
01/02/2011,129.46,130.97,129.38,130.74,166962200
02/02/2011,130.4,130.84,130.33,130.49,118163000
03/02/2011,130.26,130.98,129.57,130.78,145726000
04/02/2011,130.83,131.2,130.23,131.15,134584900
07/02/2011,131.44,132.4,131.43,131.97,112330500
08/02/2011,132.09,132.64,131.73,132.57,98858300
09/02/2011,132.21,132.63,131.61,132.27,146305000
10/02/2011,131.6,132.47,131.3,132.32,162533700
11/02/2011,131.8,133.28,131.77,133.11,137660600
14/02/2011,133.03,133.54,132.88,133.43,101529700
15/02/2011,133.02,133.22,132.32,133.01,119469200
16/02/2011,133.46,134.01,133.19,133.85,130041900
17/02/2011,133.46,134.43,133.34,134.25,109783900
18/02/2011,134.37,134.69,134.06,134.53,129846200
22/02/2011,133.12,134.56,131.47,131.83,232845000
23/02/2011,131.75,132.07,130.21,131.02,227006400
24/02/2011,130.88,131.44,129.7,130.93,260153600
25/02/2011,131.48,132.41,131.4,132.33,141480800
28/02/2011,132.82,133.32,132.38,133.15,141368600
01/03/2011,133.57,133.69,130.89,130.93,257969800
02/03/2011,130.75,131.82,130.35,131.21,200124700
03/03/2011,132.4,133.62,132.39,133.47,175918800
04/03/2011,133.37,133.63,131.6,132.47,276931400
07/03/2011,132.86,133.16,130.74,131.43,216656200
08/03/2011,131.64,133,131.07,132.58,174352100
09/03/2011,132.32,132.8,131.6,132.39,153702300
10/03/2011,131,131.18,129.81,129.94,301291800
11/03/2011,129.52,131.31,129.49,130.84,225573700
14/03/2011,129.99,130.48,129.06,130.05,234974100
15/03/2011,126.59,129.33,126.5,128.56,358086600
16/03/2011,128.15,128.57,125.28,126.18,466844900
17/03/2011,128,128.39,127.1,127.85,253973900
18/03/2011,128.84,128.88,127.51,127.76,229603600
21/03/2011,129.35,130.01,129.2,129.74,153874600
22/03/2011,129.72,129.89,129.17,129.29,129538600
23/03/2011,128.93,130,128.32,129.66,148243900
24/03/2011,130.4,131.09,129.67,130.9,158939200
25/03/2011,131.24,131.87,130.89,131.3,155617000
28/03/2011,131.58,131.92,130.94,130.98,108853700
29/03/2011,130.87,131.9,130.44,131.86,129253300
30/03/2011,132.55,133.16,132.36,132.77,135712300
31/03/2011,132.6,132.96,132.45,132.59,132537100
01/04/2011,133.41,133.77,132.83,133.15,153719600
04/04/2011,133.43,133.67,132.88,133.26,100645200
05/04/2011,133,133.83,132.94,133.24,120791500
06/04/2011,133.88,134,133.12,133.66,120263700
07/04/2011,133.42,133.98,132.66,133.32,170617600
08/04/2011,133.91,133.99,132.31,132.86,147833100
11/04/2011,133,133.45,132.14,132.46,121263800
12/04/2011,131.72,131.98,130.99,131.47,161187400
13/04/2011,132.08,132.18,130.96,131.46,161832600
14/04/2011,130.7,131.76,130.27,131.56,161112500
15/04/2011,131.8,132.37,131.41,132.04,169922600
18/04/2011,130.59,132.03,129.51,130.56,210661500
19/04/2011,130.76,131.35,130.44,131.31,124134300
20/04/2011,132.88,133.39,132.79,133.1,155791300
21/04/2011,133.79,133.84,133.1,133.78,135860100
26/04/2011,134.05,135.06,133.91,134.79,146750400
27/04/2011,135.05,135.87,134.5,135.67,143106100
28/04/2011,135.43,136.29,135.41,136.11,124706000
29/04/2011,136.16,136.57,135.98,136.43,115000000
02/05/2011,137.07,137.18,135.95,136.22,126165600
03/05/2011,135.96,136.19,135.04,135.73,138139200
04/05/2011,135.67,135.73,134.23,134.83,182619700
05/05/2011,134.08,134.95,133.02,133.61,226735800
06/05/2011,134.94,135.63,133.68,134.2,222745700
09/05/2011,134.19,135.11,133.98,134.72,113986800
10/05/2011,135.17,136.11,135,135.87,114741300
11/05/2011,135.67,135.69,133.82,134.44,193454800
12/05/2011,134.08,135.36,133.39,135.08,171100000
13/05/2011,135.15,135.34,133.56,134.04,157405200
16/05/2011,133.56,134.61,132.97,133.19,141675400
17/05/2011,132.69,133.35,132.12,133.17,192686200
18/05/2011,133.24,134.5,132.95,134.36,135021300
19/05/2011,134.8,135.03,133.94,134.68,118574200
20/05/2011,134.33,134.68,133.36,133.61,182465700
23/05/2011,131.98,132.72,131.59,132.06,168448400
24/05/2011,132.44,132.73,131.7,131.95,147199600
25/05/2011,132.39,132.94,131.38,132.39,150935600
26/05/2011,132.03,133.24,131.78,133,164768500
27/05/2011,133.37,133.87,132.96,133.51,120879400
31/05/2011,134.77,134.92,133.84,134.9,164584700
01/06/2011,134.51,134.92,131.76,131.87,232824000
02/06/2011,131.96,132.24,130.96,131.73,200387800
03/06/2011,130.15,131.42,130.08,130.42,234615500
06/06/2011,130.09,130.36,128.87,129.04,179858600
07/06/2011,129.7,130.07,128.85,128.96,161412800
08/06/2011,128.76,129.19,128.18,128.42,198529100
09/06/2011,128.77,129.93,128.46,129.4,160864900
10/06/2011,128.85,128.93,127.26,127.6,238418800
13/06/2011,127.89,128.24,127.05,127.7,184553500
14/06/2011,128.87,129.77,128.82,129.32,160399100
15/06/2011,128.24,129.3,126.68,127.02,300640900
16/06/2011,127.06,127.97,126.32,127.3,307830500
17/06/2011,127.93,127.94,126.62,127.05,233284900
20/06/2011,126.62,127.97,126.58,127.7,159349600
21/06/2011,128.36,129.7,127.75,129.45,192806300
22/06/2011,129.05,129.81,128.59,128.67,176179300
23/06/2011,127.16,128.64,126.19,128.3,334013100
24/06/2011,128.27,128.37,126.62,126.81,226079500
27/06/2011,126.89,128.43,126.64,127.94,166779000
28/06/2011,128.45,129.63,128.27,129.61,165377600
29/06/2011,130.2,130.93,129.63,130.72,244123800
30/06/2011,131.14,132.18,130.71,131.97,223322700
01/07/2011,132.09,134.1,131.78,133.92,202370700
05/07/2011,133.78,134.08,133.39,133.81,166069900
06/07/2011,133.49,134.14,133.11,133.97,143244400
07/07/2011,135.16,135.7,134.88,135.36,170293800
08/07/2011,133.83,135.36,133.39,134.4,194100500
11/07/2011,132.75,133.18,131.66,131.97,195619500
12/07/2011,131.69,132.78,131.36,131.4,214161500
13/07/2011,132.09,133.22,131.52,131.84,203331500
14/07/2011,132.17,132.78,130.68,130.93,225623000
15/07/2011,131.66,131.87,130.77,131.69,220030300
18/07/2011,131.08,131.28,129.63,130.61,196747200
19/07/2011,131.34,132.89,131.31,132.73,166403600
20/07/2011,133.07,133.15,132.42,132.65,136058400
21/07/2011,133.4,134.82,132.67,134.49,248798900
22/07/2011,134.52,134.72,133.76,134.58,125483600
25/07/2011,133.3,134.49,133.16,133.83,136473000
26/07/2011,133.74,133.96,133.03,133.33,131151400
27/07/2011,132.59,132.63,130.43,130.6,248733300
28/07/2011,130.6,131.77,130.01,130.22,207662600
29/07/2011,128.91,130.55,127.97,129.33,306717200
01/08/2011,130.84,130.96,127.53,128.78,324959800
02/08/2011,127.81,128.5,125.49,125.49,345408300
03/08/2011,125.66,126.31,123.53,126.17,370350300
04/08/2011,124.42,124.62,120.06,120.26,520405800
05/08/2011,121.76,122.07,116.86,120.08,654918700
08/08/2011,116.91,120.12,112.02,112.26,701265400
09/08/2011,114.07,117.64,110.27,117.48,709890500
10/08/2011,115.26,116.28,111.95,112.29,660247700
11/08/2011,113.26,118.92,112.32,117.33,487487700
12/08/2011,118.4,119.21,117.28,118.12,313628700
15/08/2011,119.19,120.74,119,120.62,258488700
16/08/2011,119.47,120.69,118.31,119.59,293913400
17/08/2011,120.25,121.2,118.72,119.67,238026300
18/08/2011,116.5,119.71,113.39,114.51,512326700
19/08/2011,112.96,115.88,112.5,112.64,427880500
22/08/2011,115.17,115.23,112.41,112.73,274663900
23/08/2011,113.15,116.57,112.58,116.44,330788100
24/08/2011,116.19,118.24,115.92,118.08,246057300
25/08/2011,118.73,119.4,115.87,116.28,311823800
26/08/2011,115.69,118.51,113.85,117.97,314448700
29/08/2011,119.56,121.43,118.06,121.36,190732400
30/08/2011,120.83,122.43,119.26,121.68,241048900
31/08/2011,122.46,123.51,121.3,122.22,301573200
01/09/2011,122.29,123.4,120.78,120.94,254471600
02/09/2011,118.42,120.87,117.43,117.85,255380200
06/09/2011,114.39,117.16,114.38,116.99,285004900
07/09/2011,118.76,120.34,118.36,120.29,209524200
08/09/2011,119.57,120.94,118.77,119.04,249741200
09/09/2011,117.68,119.06,115.28,115.92,380056000
12/09/2011,114.47,116.76,114.05,116.67,305414400
13/09/2011,117.05,118.18,116.22,117.74,272326000
14/09/2011,118.34,120.8,116.72,119.37,319019000
15/09/2011,120.65,121.47,119.4,121.43,326469500
16/09/2011,121.29,121.97,120.32,121.52,283959500
19/09/2011,119.53,120.93,118.72,120.31,239978600
